{
  "gpu_name": "NVIDIA H800",
  "gpu_count": 8,
  "peak_tflops": 989.0,
  "test_date": "2026-02-18_22-09-51",
  "dtype": "bfloat16",
  "gemm_results": [
    {
      "m": 1024,
      "n": 6144,
      "k": 6144,
      "time_ms": 0.10498668998479843,
      "tflops": 736.3734520937277,
      "efficiency": 0.7445636522686832
    },
    {
      "m": 4096,
      "n": 6144,
      "k": 16384,
      "time_ms": 0.9991483762860297,
      "tflops": 825.3365970500553,
      "efficiency": 0.8345162760870124
    },
    {
      "m": 16384,
      "n": 6144,
      "k": 6144,
      "time_ms": 1.5248429030179977,
      "tflops": 811.1987004036968,
      "efficiency": 0.8202211328652141
    }
  ],
  "fit_a": 0.07134543545275361,
  "fit_b": -0.03014319956213596,
  "efficiency_small": 0.3,
  "efficiency_medium": 0.7445636522686832,
  "efficiency_large": 0.8273687044761133
}