{
  "gpu_name": "NVIDIA H800",
  "gpu_count": 8,
  "peak_tflops": 989.0,
  "test_date": "2026-02-18_22-09-43",
  "dtype": "bfloat16",
  "gemm_results": [
    {
      "m": 1024,
      "n": 6144,
      "k": 6144,
      "time_ms": 0.10555852204561234,
      "tflops": 732.3843667931826,
      "efficiency": 0.7405301989819845
    },
    {
      "m": 4096,
      "n": 6144,
      "k": 16384,
      "time_ms": 0.9995603933930397,
      "tflops": 824.9963946978277,
      "efficiency": 0.8341722898865801
    },
    {
      "m": 16384,
      "n": 6144,
      "k": 6144,
      "time_ms": 1.5988299623131752,
      "tflops": 773.6598702831345,
      "efficiency": 0.7822647828949792
    }
  ],
  "fit_a": 0.0541343379155046,
  "fit_b": 0.155949876251242,
  "efficiency_small": 0.3,
  "efficiency_medium": 0.7405301989819845,
  "efficiency_large": 0.8082185363907797
}